{
    "arabica": [
        {
            "foto": "images/produk/product_capuchino.jpg",
            "nama": "Cappuccino Arabica",
            "size": "500 Gram",
            "harga": "200.000",
            "link": "https://www.google.com/search?q=cappuccino+arabica&tbm=shop"
        },
        {
            "foto": "images/produk/product_espresso.jpg",
            "nama": "Pahit Arabica",
            "size": "100 Gram",
            "harga": "100.000",
            "link": "https://www.google.com/search?q=pahit+arabica&tbm=shop"
        },
        {
            "foto": "images/produk/product_latte.jpg",
            "nama": "Latte Arabica",
            "size": "150 Gram",
            "harga": "150.000",
            "link": "https://www.google.com/search?q=latte+arabica&tbm=shop"
        }
    ],
    "robusta": [
        {
            "foto": "images/produk/product_kopi_susu.jpg",
            "nama": "Kopsus Robusta",
            "size": "100 Gram",
            "harga": "500.000",
            "link": "https://www.google.com/search?q=kopi+susu+robusta&tbm=shop"
        },
        {
            "foto": "images/produk/product_latte.jpg",
            "nama": "Latte Robusta",
            "size": "150 Gram",
            "harga": "150.000",
            "link": "https://www.google.com/search?q=latte+robusta&tbm=shop"
        }
    ],
    "nonkopi": [
        {
            "foto": "https://images.pexels.com/photos/1304542/pexels-photo-1304542.jpeg?auto=compress&cs=tinysrgb&w=600",
            "nama": "Jus Alpukat",
            "size": "100 Ml",
            "harga": "25.000",
            "link": "https://www.google.com/search?q=es+lemon&tbm=shop"
        },
        {

            "foto": "https://asset.kompas.com/crops/ve_TOAOVA0hQw2nT8FEejeqwpA4=/16x36:1226x843/750x500/data/photo/2021/03/16/60505271b28ea.jpg",

            "nama": "Ice Cream",
            "size": "100 Ml",
            "harga": "25.000",
            "link": "https://www.kompas.com/food/image/2021/03/16/210400575/resep-es-krim-tutti-frutti-bikin-untuk-dessert-anak-?page=1"
        },
        {
            "foto": "https://images.pexels.com/photos/5947035/pexels-photo-5947035.jpeg?auto=compress&cs=tinysrgb&w=600",
            "nama": "Es Buah Naga",
            "size": "150 Ml",
            "harga": "30.000",
            "link": "https://www.google.com/search?q=es+buah+naga&tbm=shop"
        }
    ]
}